{
    "accuracy_score": 0.8360655737704918,
    "r2_score": 0.34267241379310354
}