{
    "accuracy_score": 0.8688524590163934,
    "r2_score": 0.47413793103448276
}